<c3p0-config>
	<default-config>
		<property name="user">root</property>
		<property name="password">123456</property>
		<property name="driverClass">com.mysql.jdbc.Driver</property>
		<property name="jdbcUrl">jdbc:mysql://127.0.0.1:3306/bbs?characterEncoding=utf-8</property>
		<property name="initialPoolSize">10</property>
		<property name="maxIdleTime">30</property>
		<property name="maxPoolSize">100</property>
		<property name="minPoolSize">10</property>		
	</default-config>


</c3p0-config> 